solver_name,run_id,reward_calculator_name,feature_constructor_used_features,acceptance_rate,avg_r2c_ratio,long_term_time_r2c_ratio,long_term_avg_time_revenue,success_count,early_rejection_count,place_failure_count,route_failure_count,total_cost,total_revenue,total_time_revenue,total_time_cost,long_term_r2c_ratio,total_simulation_time,long_term_avg_revenue,long_term_avg_cost,min_p_net_available_resource,min_p_net_node_available_resource,min_p_net_link_available_resource,max_inservice_count,total_violation,total_max_single_step_violation,avg_reward,seed,p_net_dataset_dir,v_nets_dataset_dir,start_run_time,clock_running_time
pl_rank,Luisas-MacBook-Air.local-20251124T193321-5554,fixed_intermediate_0.1,[_status_aggr_degree_moretopo],0.29,0.26276748047764636,0.8672101081289185,419.1280659949485,58,0,0,142,5495.0,4667.0,2036962.4007354497,2348868.378771984,0.8493175614194722,4860.0,0.9602880658436214,1.1306584362139918,8124,4262,3837,8,3271.0,-inf,0.0,1,dataset/p_net/32-tree_[0.5-0.2]-cpu_[50-100]-max_cpu_None-bw_[50-100]-max_bw_None-seed_1,dataset/v_nets/200-[2-10]-random-500-0.04-cpu_[0-20]-bw_[0-50]-seed_1,20251124T193412,136.60549402236938
pl_rank,Luisas-MacBook-Air.local-20251124T193323-0595,fixed_intermediate_0.1,[_status_aggr_degree_moretopo],0.225,0.20075934639923376,0.799026086260804,504.4612032691,45,0,0,155,4789.0,3911.0,2338177.6771522784,2926284.532328888,0.8166631864689914,4635.0,0.8437971952535059,1.0332254584681768,8085,4229,3849,9,2956.0,-inf,0.0,0,dataset/p_net/32-tree_[0.5-0.2]-cpu_[50-100]-max_cpu_None-bw_[50-100]-max_bw_None-seed_0,dataset/v_nets/200-[2-10]-random-500-0.04-cpu_[0-20]-bw_[0-50]-seed_0,20251124T193414,134.69647407531738
rw_rank_bfs,Luisas-MacBook-Air.local-20251124T193456-4120,fixed_intermediate_0.1,[_status_aggr_degree_moretopo],0.31,0.28700494425742606,0.836799521114212,732.329514344468,62,0,0,138,6704.0,5812.0,3549601.156027636,4241877.614008771,0.866945107398568,4847.0,1.1990922219929854,1.383123581596864,7959,4399,3486,12,300300.0,-inf,0.0,2,dataset/p_net/32-tree_[0.5-0.2]-cpu_[50-100]-max_cpu_None-bw_[50-100]-max_bw_None-seed_2,dataset/v_nets/200-[2-10]-random-500-0.04-cpu_[0-20]-bw_[0-50]-seed_2,20251124T193534,77.41291880607605
rw_rank_bfs,Luisas-MacBook-Air.local-20251124T193513-5013,fixed_intermediate_0.1,[_status_aggr_degree_moretopo],0.795,0.5804655750154627,0.6004435511266124,4136.794621601981,159,0,29,23,73148.0,43420.0,20051043.530904803,33393719.51498692,0.5935910756274949,4847.0,8.958118423767278,15.091396740251701,8233,1704,6485,21,42982.0,-inf,0.0,2,dataset/p_net/16-fat_tree_[0.5-0.2]-cpu_[50-100]-max_cpu_None-bw_[200-400]-max_bw_None-seed_2,dataset/v_nets/200-[2-10]-random-500-0.04-cpu_[0-20]-bw_[0-50]-seed_2,20251124T193550,61.72191786766052
rw_rank_bfs,Luisas-MacBook-Air.local-20251124T193456-8680,fixed_intermediate_0.1,[_status_aggr_degree_moretopo],0.38,0.3518462092166188,0.9048771934770271,515.8218137521579,76,0,0,124,8434.0,7432.0,2506894.0148354876,2770424.5757401027,0.881195162437752,4860.0,1.5292181069958848,1.7353909465020576,7807,4156,3614,10,274200.0,-inf,0.0,1,dataset/p_net/32-tree_[0.5-0.2]-cpu_[50-100]-max_cpu_None-bw_[50-100]-max_bw_None-seed_1,dataset/v_nets/200-[2-10]-random-500-0.04-cpu_[0-20]-bw_[0-50]-seed_1,20251124T193535,77.28806781768799
rw_rank_bfs,Luisas-MacBook-Air.local-20251124T193512-6947,fixed_intermediate_0.1,[_status_aggr_degree_moretopo],0.76,0.5635102473866924,0.621328001504037,3600.530288461308,152,0,43,13,67073.0,40428.0,16688457.887018163,26859336.528565794,0.6027462615359385,4635.0,8.72233009708738,14.470981661272923,7817,1590,6126,16,23228.0,-inf,0.0,0,dataset/p_net/16-fat_tree_[0.5-0.2]-cpu_[50-100]-max_cpu_None-bw_[200-400]-max_bw_None-seed_0,dataset/v_nets/200-[2-10]-random-500-0.04-cpu_[0-20]-bw_[0-50]-seed_0,20251124T193550,65.68052005767822
rw_rank_bfs,Luisas-MacBook-Air.local-20251124T193530-0758,fixed_intermediate_0.1,[_status_aggr_degree_moretopo],0.785,0.5934564700140864,0.5998867189120052,3591.553739123579,157,0,25,30,68792.0,41374.0,17454951.172140595,29097078.86815375,0.6014362135131992,4860.0,8.513168724279835,14.154732510288065,6913,1600,5313,17,65259.0,-inf,0.0,1,dataset/p_net/16-fat_tree_[0.5-0.2]-cpu_[50-100]-max_cpu_None-bw_[200-400]-max_bw_None-seed_1,dataset/v_nets/200-[2-10]-random-500-0.04-cpu_[0-20]-bw_[0-50]-seed_1,20251124T193607,52.731078147888184
rw_rank_bfs,Luisas-MacBook-Air.local-20251124T193457-3284,fixed_intermediate_0.1,[_status_aggr_degree_moretopo],0.315,0.2897933618795408,0.8591948942853656,687.1648512597874,63,0,0,137,6802.0,5940.0,3025586.840096844,3521420.8792678784,0.8732725668920905,4403.0,1.3490801726095845,1.5448557801498979,8576,4640,3936,9,261600.0,-inf,0.0,4,dataset/p_net/32-tree_[0.5-0.2]-cpu_[50-100]-max_cpu_None-bw_[50-100]-max_bw_None-seed_4,dataset/v_nets/200-[2-10]-random-500-0.04-cpu_[0-20]-bw_[0-50]-seed_4,20251124T193540,81.82615113258362
rw_rank_bfs,Luisas-MacBook-Air.local-20251124T193503-8444,fixed_intermediate_0.1,[_status_aggr_degree_moretopo],0.33,0.30349663553017836,0.8673660643913702,703.6032504655515,66,0,5,134,7801.0,6808.0,3261201.065907831,3759890.085388817,0.8727086270990898,4635.0,1.468824163969795,1.6830636461704422,7890,4120,3763,10,281435.0,-inf,0.0,0,dataset/p_net/32-tree_[0.5-0.2]-cpu_[50-100]-max_cpu_None-bw_[50-100]-max_bw_None-seed_0,dataset/v_nets/200-[2-10]-random-500-0.04-cpu_[0-20]-bw_[0-50]-seed_0,20251124T193540,82.7283239364624
rw_rank_bfs,Luisas-MacBook-Air.local-20251124T193456-4766,fixed_intermediate_0.1,[_status_aggr_degree_moretopo],0.37,0.35237816317042026,0.9416608854459286,669.2181705333754,74,0,0,126,6962.0,6447.0,3128594.9472435303,3322422.111397318,0.926027003734559,4675.0,1.3790374331550803,1.489197860962567,8343,4296,4047,13,259500.0,-inf,0.0,3,dataset/p_net/32-tree_[0.5-0.2]-cpu_[50-100]-max_cpu_None-bw_[50-100]-max_bw_None-seed_3,dataset/v_nets/200-[2-10]-random-500-0.04-cpu_[0-20]-bw_[0-50]-seed_3,20251124T193538,85.82809233665466
rw_rank_bfs,Luisas-MacBook-Air.local-20251124T193551-7983,fixed_intermediate_0.1,[_status_aggr_degree_moretopo],0.67,0.500668878956698,0.6334906541284656,4021.3610512949367,134,0,62,9,59893.0,36627.0,17706052.708851606,27949982.519017547,0.6115405807022524,4403.0,8.318646377469907,13.602770838064956,8500,1730,6658,18,17648.0,-inf,0.0,4,dataset/p_net/16-fat_tree_[0.5-0.2]-cpu_[50-100]-max_cpu_None-bw_[200-400]-max_bw_None-seed_4,dataset/v_nets/200-[2-10]-random-500-0.04-cpu_[0-20]-bw_[0-50]-seed_4,20251124T193632,37.43830108642578
pl_rank,Luisas-MacBook-Air.local-20251124T193421-7040,fixed_intermediate_0.1,[_status_aggr_degree_moretopo],0.275,0.24470639739628303,0.798822268926857,484.09694363697344,55,0,0,145,5233.0,4384.0,2346417.88580841,2937346.612733522,0.8377603669023505,4847.0,0.9044769960800495,1.079636888797194,8494,4584,3832,9,2847.0,-inf,0.0,2,dataset/p_net/32-tree_[0.5-0.2]-cpu_[50-100]-max_cpu_None-bw_[50-100]-max_bw_None-seed_2,dataset/v_nets/200-[2-10]-random-500-0.04-cpu_[0-20]-bw_[0-50]-seed_2,20251124T193454,139.45581007003784
pl_rank,Luisas-MacBook-Air.local-20251124T193453-2478,fixed_intermediate_0.1,[_status_aggr_degree_moretopo],0.79,0.5722764774826335,0.5509546599099695,4495.025699867243,158,0,0,42,72540.0,39927.0,21014245.14687936,38141514.49470136,0.550413564929694,4675.0,8.54053475935829,15.516577540106951,8195,1542,6433,21,1967.0,-inf,0.0,3,dataset/p_net/16-fat_tree_[0.5-0.2]-cpu_[50-100]-max_cpu_None-bw_[200-400]-max_bw_None-seed_3,dataset/v_nets/200-[2-10]-random-500-0.04-cpu_[0-20]-bw_[0-50]-seed_3,20251124T193526,111.46406412124634
pl_rank,Luisas-MacBook-Air.local-20251124T193421-3778,fixed_intermediate_0.1,[_status_aggr_degree_moretopo],0.27,0.2358743956934675,0.77520825632806,708.4155915404908,54,0,0,146,6182.0,5006.0,3119153.849552781,4023633.422491295,0.8097703008735038,4403.0,1.1369520781285487,1.4040426981603453,8491,4635,3845,9,2641.0,-inf,0.0,4,dataset/p_net/32-tree_[0.5-0.2]-cpu_[50-100]-max_cpu_None-bw_[50-100]-max_bw_None-seed_4,dataset/v_nets/200-[2-10]-random-500-0.04-cpu_[0-20]-bw_[0-50]-seed_4,20251124T193456,144.08066606521606
pl_rank,Luisas-MacBook-Air.local-20251124T193421-6077,fixed_intermediate_0.1,[_status_aggr_degree_moretopo],0.34,0.30764532480454854,0.8389497521011425,591.6033172852752,68,0,0,132,6947.0,5759.0,2765745.5083086616,3296675.9944583992,0.8289909313372679,4675.0,1.2318716577540108,1.4859893048128343,8517,4412,4098,10,2699.0,-inf,0.0,3,dataset/p_net/32-tree_[0.5-0.2]-cpu_[50-100]-max_cpu_None-bw_[50-100]-max_bw_None-seed_3,dataset/v_nets/200-[2-10]-random-500-0.04-cpu_[0-20]-bw_[0-50]-seed_3,20251124T193456,143.94148015975952
rw_rank_bfs,Luisas-MacBook-Air.local-20251124T193544-8112,fixed_intermediate_0.1,[_status_aggr_degree_moretopo],0.76,0.575280663869996,0.5616286043900208,4250.615638733194,152,0,43,19,68434.0,39773.0,19871628.11107768,35382151.04385585,0.5811877137095596,4675.0,8.5075935828877,14.638288770053476,7937,1577,6213,20,39385.0,-inf,0.0,3,dataset/p_net/16-fat_tree_[0.5-0.2]-cpu_[50-100]-max_cpu_None-bw_[200-400]-max_bw_None-seed_3,dataset/v_nets/200-[2-10]-random-500-0.04-cpu_[0-20]-bw_[0-50]-seed_3,20251124T193627,60.13135600090027
pl_rank,Luisas-MacBook-Air.local-20251124T193453-1121,fixed_intermediate_0.1,[_status_aggr_degree_moretopo],0.79,0.5512015103514089,0.5582983155016575,4018.8304900905237,158,0,0,42,69382.0,38581.0,18627279.321569577,33364383.88647489,0.5560664149202963,4635.0,8.323840345199569,14.969147788565264,7661,1437,6021,22,1930.0,-inf,0.0,0,dataset/p_net/16-fat_tree_[0.5-0.2]-cpu_[50-100]-max_cpu_None-bw_[200-400]-max_bw_None-seed_0,dataset/v_nets/200-[2-10]-random-500-0.04-cpu_[0-20]-bw_[0-50]-seed_0,20251124T193542,108.88604426383972
pl_rank,Luisas-MacBook-Air.local-20251124T193454-8120,fixed_intermediate_0.1,[_status_aggr_degree_moretopo],0.765,0.5368738408443773,0.5496805692094416,4022.2157822030376,153,0,0,47,66593.0,37371.0,19495679.896338124,35467289.52849304,0.5611851095460484,4847.0,7.71012997730555,13.739013822983289,9049,1600,7241,21,2556.0,-inf,0.0,2,dataset/p_net/16-fat_tree_[0.5-0.2]-cpu_[50-100]-max_cpu_None-bw_[200-400]-max_bw_None-seed_2,dataset/v_nets/200-[2-10]-random-500-0.04-cpu_[0-20]-bw_[0-50]-seed_2,20251124T193539,117.7077100276947
pl_rank,Luisas-MacBook-Air.local-20251124T193459-6139,fixed_intermediate_0.1,[_status_aggr_degree_moretopo],0.745,0.5154565551188559,0.5529605206695548,4314.940328079941,149,0,0,51,68520.0,37245.0,18998682.26453598,34358116.99817436,0.5435639229422067,4403.0,8.459005223711106,15.562116738587326,8565,1725,6717,18,2158.0,-inf,0.0,4,dataset/p_net/16-fat_tree_[0.5-0.2]-cpu_[50-100]-max_cpu_None-bw_[200-400]-max_bw_None-seed_4,dataset/v_nets/200-[2-10]-random-500-0.04-cpu_[0-20]-bw_[0-50]-seed_4,20251124T193542,117.74488997459412
pl_rank,Luisas-MacBook-Air.local-20251124T193454-0825,fixed_intermediate_0.1,[_status_aggr_degree_moretopo],0.74,0.522284259248708,0.526811255193842,2956.427556038097,148,0,0,52,64685.0,35468.0,14368237.922345152,27273976.743451145,0.5483187756048543,4860.0,7.297942386831275,13.309670781893004,8123,1664,6459,16,2612.0,-inf,0.0,1,dataset/p_net/16-fat_tree_[0.5-0.2]-cpu_[50-100]-max_cpu_None-bw_[200-400]-max_bw_None-seed_1,dataset/v_nets/200-[2-10]-random-500-0.04-cpu_[0-20]-bw_[0-50]-seed_1,20251124T193535,129.05437111854553
sa_meta,Luisas-MacBook-Air.local-20251124T193254-6515,fixed_intermediate_0.1,[_status_aggr_degree_moretopo],0.645,0.4299889826504989,0.48485487626659585,3545.2451358685057,129,0,0,0,63381.0,31171.0,17183803.173554648,35441126.849895164,0.49180353733768795,4847.0,6.430988240148546,13.076335877862595,7347,1735,5566,18,0.0,-inf,0.0,2,dataset/p_net/16-fat_tree_[0.5-0.2]-cpu_[50-100]-max_cpu_None-bw_[200-400]-max_bw_None-seed_2,dataset/v_nets/200-[2-10]-random-500-0.04-cpu_[0-20]-bw_[0-50]-seed_2,20251124T193341,758.9825849533081
sa_meta,Luisas-MacBook-Air.local-20251124T193305-9061,fixed_intermediate_0.1,[_status_aggr_degree_moretopo],0.685,0.43377246834528826,0.4715075494247727,4489.453192679815,137,0,0,0,76019.0,35156.0,19767062.407369226,41923109.03926044,0.46246333153553715,4403.0,7.984555984555985,17.265273677038383,6433,1754,4593,19,0.0,-inf,0.0,4,dataset/p_net/16-fat_tree_[0.5-0.2]-cpu_[50-100]-max_cpu_None-bw_[200-400]-max_bw_None-seed_4,dataset/v_nets/200-[2-10]-random-500-0.04-cpu_[0-20]-bw_[0-50]-seed_4,20251124T193358,745.7096748352051
sa_meta,Luisas-MacBook-Air.local-20251124T193211-8751,fixed_intermediate_0.1,[_status_aggr_degree_moretopo],0.74,0.4850662072634212,0.49231663027877587,3458.3461669862827,148,0,0,0,73626.0,36060.0,16029434.48398142,32559197.675091133,0.4897726346671013,4635.0,7.7799352750809065,15.884789644012946,8032,1580,6277,18,0.0,-inf,0.0,0,dataset/p_net/16-fat_tree_[0.5-0.2]-cpu_[50-100]-max_cpu_None-bw_[200-400]-max_bw_None-seed_0,dataset/v_nets/200-[2-10]-random-500-0.04-cpu_[0-20]-bw_[0-50]-seed_0,20251124T193225,838.2236897945404
sa_meta,Luisas-MacBook-Air.local-20251124T193254-5134,fixed_intermediate_0.1,[_status_aggr_degree_moretopo],0.68,0.47353043572608405,0.46429230420489026,3961.334721581618,136,0,0,0,68141.0,32280.0,18519239.823394064,39887027.322386116,0.47372360253004797,4675.0,6.904812834224599,14.575614973262033,7458,1654,5700,18,0.0,-inf,0.0,3,dataset/p_net/16-fat_tree_[0.5-0.2]-cpu_[50-100]-max_cpu_None-bw_[200-400]-max_bw_None-seed_3,dataset/v_nets/200-[2-10]-random-500-0.04-cpu_[0-20]-bw_[0-50]-seed_3,20251124T193340,764.308846950531
sa_meta,Luisas-MacBook-Air.local-20251124T193229-0457,fixed_intermediate_0.1,[_status_aggr_degree_moretopo],0.705,0.47566113961159745,0.48263637481225297,2794.8152677639964,141,0,0,0,71697.0,34868.0,13582802.201333022,28142931.014299892,0.4863243929313639,4860.0,7.174485596707819,14.75246913580247,7518,1676,5689,15,0.0,-inf,0.0,1,dataset/p_net/16-fat_tree_[0.5-0.2]-cpu_[50-100]-max_cpu_None-bw_[200-400]-max_bw_None-seed_1,dataset/v_nets/200-[2-10]-random-500-0.04-cpu_[0-20]-bw_[0-50]-seed_1,20251124T193306,798.4129891395569
ga_meta,Luisas-MacBook-Air.local-20251124T193029-0534,fixed_intermediate_0.1,[_status_aggr_degree_moretopo],0.205,0.15270534956541099,0.5687343802860154,322.795387864257,41,0,0,0,5003.0,2844.0,1496156.6227508313,2630677.2978950506,0.5684589246452129,4635.0,0.6135922330097088,1.0793959007551241,8119,4264,3829,9,0.0,-inf,0.0,0,dataset/p_net/32-tree_[0.5-0.2]-cpu_[50-100]-max_cpu_None-bw_[50-100]-max_bw_None-seed_0,dataset/v_nets/200-[2-10]-random-500-0.04-cpu_[0-20]-bw_[0-50]-seed_0,20251124T193029,992.0039112567902
ga_meta,Luisas-MacBook-Air.local-20251124T193030-9617,fixed_intermediate_0.1,[_status_aggr_degree_moretopo],0.235,0.17744696145907382,0.5608456114956268,346.0516520494141,47,0,0,0,5482.0,3235.0,1681811.0289601525,2998705.8728608172,0.5901130974097045,4860.0,0.6656378600823045,1.1279835390946502,7992,4272,3717,7,0.0,-inf,0.0,1,dataset/p_net/32-tree_[0.5-0.2]-cpu_[50-100]-max_cpu_None-bw_[50-100]-max_bw_None-seed_1,dataset/v_nets/200-[2-10]-random-500-0.04-cpu_[0-20]-bw_[0-50]-seed_1,20251124T193030,1022.6084928512573
ga_meta,Luisas-MacBook-Air.local-20251124T193032-9642,fixed_intermediate_0.1,[_status_aggr_degree_moretopo],0.22,0.16496211246237302,0.5562170435185652,336.91567809317274,44,0,0,0,5167.0,3107.0,1633030.2917176082,2935958.7426290396,0.6013160441261854,4847.0,0.6410150608623891,1.0660202186919745,8265,4580,3685,8,0.0,-inf,0.0,2,dataset/p_net/32-tree_[0.5-0.2]-cpu_[50-100]-max_cpu_None-bw_[50-100]-max_bw_None-seed_2,dataset/v_nets/200-[2-10]-random-500-0.04-cpu_[0-20]-bw_[0-50]-seed_2,20251124T193032,1045.7928850650787
ga_meta,Luisas-MacBook-Air.local-20251124T193034-8860,fixed_intermediate_0.1,[_status_aggr_degree_moretopo],0.255,0.18202874610214548,0.535951735004376,475.4304753447457,51,0,0,0,6541.0,3576.0,2222637.472236686,4147085.1329897055,0.546705396728329,4675.0,0.7649197860962567,1.399144385026738,8406,4459,3935,10,0.0,-inf,0.0,3,dataset/p_net/32-tree_[0.5-0.2]-cpu_[50-100]-max_cpu_None-bw_[50-100]-max_bw_None-seed_3,dataset/v_nets/200-[2-10]-random-500-0.04-cpu_[0-20]-bw_[0-50]-seed_3,20251124T193034,1069.1134450435638
ga_meta,Luisas-MacBook-Air.local-20251124T193036-5524,fixed_intermediate_0.1,[_status_aggr_degree_moretopo],0.2,0.14705902821208025,0.5105604190997938,284.36014940630014,40,0,0,0,4921.0,2792.0,1252037.7378359395,2452281.2403740548,0.5673643568380411,4403.0,0.63411310470134,1.1176470588235294,8734,4682,3935,6,0.0,-inf,0.0,4,dataset/p_net/32-tree_[0.5-0.2]-cpu_[50-100]-max_cpu_None-bw_[50-100]-max_bw_None-seed_4,dataset/v_nets/200-[2-10]-random-500-0.04-cpu_[0-20]-bw_[0-50]-seed_4,20251124T193036,1096.8874702453613
d_round,Luisas-MacBook-Air.local-20251124T193553-4011,fixed_intermediate_0.1,[_status_aggr_degree_moretopo],0.59,0.2136709546014828,0.31402351713320836,2372.423114583144,118,0,0,82,73771.0,23228.0,10996181.136092873,35017062.5323845,0.3148662753656586,4635.0,5.0114347357065805,15.916073354908306,6733,1724,4835,18,8200.0,-inf,0.0,0,dataset/p_net/16-fat_tree_[0.5-0.2]-cpu_[50-100]-max_cpu_None-bw_[200-400]-max_bw_None-seed_0,dataset/v_nets/200-[2-10]-random-500-0.04-cpu_[0-20]-bw_[0-50]-seed_0,20251124T193641,1137.3678758144379
d_round,Luisas-MacBook-Air.local-20251124T193552-6829,fixed_intermediate_0.1,[_status_aggr_degree_moretopo],0.515,0.20369428994131986,0.31405753339281356,2091.315099322733,103,0,0,97,62924.0,20363.0,10136604.286417289,32276265.36103095,0.3236126120399212,4847.0,4.20115535382711,12.982050753043119,9215,2099,7004,14,9700.0,-inf,0.0,2,dataset/p_net/16-fat_tree_[0.5-0.2]-cpu_[50-100]-max_cpu_None-bw_[200-400]-max_bw_None-seed_2,dataset/v_nets/200-[2-10]-random-500-0.04-cpu_[0-20]-bw_[0-50]-seed_2,20251124T193637,1150.9458527565002
d_round,Luisas-MacBook-Air.local-20251124T193552-1389,fixed_intermediate_0.1,[_status_aggr_degree_moretopo],0.59,0.21983518017586096,0.328379525473638,1918.941624716424,118,0,0,82,69121.0,22695.0,9326056.29612182,28400236.83775774,0.3283372636391256,4860.0,4.669753086419753,14.222427983539095,8335,2038,6249,13,8200.0,-inf,0.0,1,dataset/p_net/16-fat_tree_[0.5-0.2]-cpu_[50-100]-max_cpu_None-bw_[200-400]-max_bw_None-seed_1,dataset/v_nets/200-[2-10]-random-500-0.04-cpu_[0-20]-bw_[0-50]-seed_1,20251124T193643,1156.98441696167
d_round,Luisas-MacBook-Air.local-20251124T193553-8542,fixed_intermediate_0.1,[_status_aggr_degree_moretopo],0.5,0.19248249727251646,0.3219593318718068,2208.9681602174883,100,0,0,100,55856.0,18308.0,10326926.149016758,32075250.277661115,0.3277714122028072,4675.0,3.9161497326203207,11.947807486631016,8122,1849,6273,16,10000.0,-inf,0.0,3,dataset/p_net/16-fat_tree_[0.5-0.2]-cpu_[50-100]-max_cpu_None-bw_[200-400]-max_bw_None-seed_3,dataset/v_nets/200-[2-10]-random-500-0.04-cpu_[0-20]-bw_[0-50]-seed_3,20251124T193643,1160.8723373413086
d_round,Luisas-MacBook-Air.local-20251124T193552-7500,fixed_intermediate_0.1,[_status_aggr_degree_moretopo],0.595,0.22469191076404177,0.32370766194610845,2774.382240856943,119,0,0,81,81205.0,24980.0,12215605.00649312,37736533.429742545,0.30761652607598056,4403.0,5.673404496933909,18.443106972518738,7797,1962,5717,16,8100.0,-inf,0.0,4,dataset/p_net/16-fat_tree_[0.5-0.2]-cpu_[50-100]-max_cpu_None-bw_[200-400]-max_bw_None-seed_4,dataset/v_nets/200-[2-10]-random-500-0.04-cpu_[0-20]-bw_[0-50]-seed_4,20251124T193643,1166.8933980464935
ga_meta,Luisas-MacBook-Air.local-20251124T193038-9912,fixed_intermediate_0.1,[_status_aggr_degree_moretopo],0.795,0.4962372495422203,0.47919763804584936,3790.1805626479086,159,0,0,0,77845.0,37380.0,17567486.907873057,36660211.80636998,0.4801849829789967,4635.0,8.064724919093852,16.795037756202806,7214,1362,5714,23,0.0,-inf,0.0,0,dataset/p_net/16-fat_tree_[0.5-0.2]-cpu_[50-100]-max_cpu_None-bw_[200-400]-max_bw_None-seed_0,dataset/v_nets/200-[2-10]-random-500-0.04-cpu_[0-20]-bw_[0-50]-seed_0,20251124T193038,1639.808396100998
ga_meta,Luisas-MacBook-Air.local-20251124T193040-3858,fixed_intermediate_0.1,[_status_aggr_degree_moretopo],0.775,0.48754944772212405,0.4494460850401729,3247.748631440064,155,0,0,0,80305.0,37384.0,15784058.34879871,35118913.86791784,0.46552518523130565,4860.0,7.692181069958847,16.523662551440328,6793,1638,4945,16,0.0,-inf,0.0,1,dataset/p_net/16-fat_tree_[0.5-0.2]-cpu_[50-100]-max_cpu_None-bw_[200-400]-max_bw_None-seed_1,dataset/v_nets/200-[2-10]-random-500-0.04-cpu_[0-20]-bw_[0-50]-seed_1,20251124T193041,1655.866102695465
ga_meta,Luisas-MacBook-Air.local-20251124T193045-8602,fixed_intermediate_0.1,[_status_aggr_degree_moretopo],0.775,0.510281964437765,0.4740348828191853,3919.794255538005,155,0,0,0,83766.0,38725.0,18325038.144640174,38657573.121322446,0.4622997397512117,4675.0,8.283422459893048,17.917860962566845,7470,1577,5599,21,0.0,-inf,0.0,3,dataset/p_net/16-fat_tree_[0.5-0.2]-cpu_[50-100]-max_cpu_None-bw_[200-400]-max_bw_None-seed_3,dataset/v_nets/200-[2-10]-random-500-0.04-cpu_[0-20]-bw_[0-50]-seed_3,20251124T193045,1659.6222820281982
ga_meta,Luisas-MacBook-Air.local-20251124T193043-0041,fixed_intermediate_0.1,[_status_aggr_degree_moretopo],0.765,0.4625647845301721,0.4524767132132998,3864.828870948862,153,0,0,0,82913.0,37185.0,18732825.537489135,41400640.05605165,0.4484821439340031,4847.0,7.67175572519084,17.106044976273985,7044,1703,5145,21,0.0,-inf,0.0,2,dataset/p_net/16-fat_tree_[0.5-0.2]-cpu_[50-100]-max_cpu_None-bw_[200-400]-max_bw_None-seed_2,dataset/v_nets/200-[2-10]-random-500-0.04-cpu_[0-20]-bw_[0-50]-seed_2,20251124T193043,1662.3784017562866
ga_meta,Luisas-MacBook-Air.local-20251124T193047-4466,fixed_intermediate_0.1,[_status_aggr_degree_moretopo],0.77,0.4741210955534989,0.45382635476844285,4499.361906866194,154,0,0,0,81883.0,37704.0,19810690.47593185,43652578.27752184,0.46046187853400583,4403.0,8.56325232795821,18.59709289121054,6130,1632,4466,19,0.0,-inf,0.0,4,dataset/p_net/16-fat_tree_[0.5-0.2]-cpu_[50-100]-max_cpu_None-bw_[200-400]-max_bw_None-seed_4,dataset/v_nets/200-[2-10]-random-500-0.04-cpu_[0-20]-bw_[0-50]-seed_4,20251124T193048,1701.984925031662
mcts,Luisas-MacBook-Air.local-20251124T193118-5222,fixed_intermediate_0.1,[_status_aggr_degree_moretopo],0.155,0.07825697769341997,0.4034342885466799,220.46082631621906,31,0,0,169,4872.0,1940.0,1021835.9299756753,2532843.536073019,0.3981937602627258,4635.0,0.418554476806904,1.0511326860841423,8104,4391,3661,7,16900.0,-inf,0.0,0,dataset/p_net/32-tree_[0.5-0.2]-cpu_[50-100]-max_cpu_None-bw_[50-100]-max_bw_None-seed_0,dataset/v_nets/200-[2-10]-random-500-0.04-cpu_[0-20]-bw_[0-50]-seed_0,20251124T193119,1948.4610068798065
mcts,Luisas-MacBook-Air.local-20251124T193132-1077,fixed_intermediate_0.1,[_status_aggr_degree_moretopo],0.765,0.38541117864515084,0.4320332130180193,3298.9876841644714,153,0,0,47,75198.0,32217.0,15290807.916102326,35392667.636098094,0.42842894757839306,4635.0,6.950809061488673,16.223948220064724,7777,1562,6041,22,4700.0,-inf,0.0,0,dataset/p_net/16-fat_tree_[0.5-0.2]-cpu_[50-100]-max_cpu_None-bw_[200-400]-max_bw_None-seed_0,dataset/v_nets/200-[2-10]-random-500-0.04-cpu_[0-20]-bw_[0-50]-seed_0,20251124T193135,1948.0955550670624
mcts,Luisas-MacBook-Air.local-20251124T193122-3928,fixed_intermediate_0.1,[_status_aggr_degree_moretopo],0.175,0.08526462479283292,0.3147044721753481,195.48578823903648,35,0,0,165,6138.0,2109.0,950060.9308417173,3018898.7283039284,0.34359726295210163,4860.0,0.4339506172839506,1.262962962962963,7540,4331,3203,7,16500.0,-inf,0.0,1,dataset/p_net/32-tree_[0.5-0.2]-cpu_[50-100]-max_cpu_None-bw_[50-100]-max_bw_None-seed_1,dataset/v_nets/200-[2-10]-random-500-0.04-cpu_[0-20]-bw_[0-50]-seed_1,20251124T193123,1963.2973399162292
mcts,Luisas-MacBook-Air.local-20251124T193128-8744,fixed_intermediate_0.1,[_status_aggr_degree_moretopo],0.255,0.12859182359759846,0.4366420359337968,374.0991288285196,51,0,0,149,8727.0,3455.0,1748913.427273329,4005371.1812998634,0.3958977884725564,4675.0,0.7390374331550802,1.8667379679144385,8111,4445,3666,10,14900.0,-inf,0.0,3,dataset/p_net/32-tree_[0.5-0.2]-cpu_[50-100]-max_cpu_None-bw_[50-100]-max_bw_None-seed_3,dataset/v_nets/200-[2-10]-random-500-0.04-cpu_[0-20]-bw_[0-50]-seed_3,20251124T193129,1971.2803101539612
mcts,Luisas-MacBook-Air.local-20251124T193135-3893,fixed_intermediate_0.1,[_status_aggr_degree_moretopo],0.735,0.38897253595815956,0.41565580993164764,2793.003427876881,147,0,0,53,74482.0,31723.0,13573996.65948164,32656819.260420807,0.4259149861711555,4860.0,6.527366255144033,15.325514403292182,7270,1745,5313,15,5300.0,-inf,0.0,1,dataset/p_net/16-fat_tree_[0.5-0.2]-cpu_[50-100]-max_cpu_None-bw_[200-400]-max_bw_None-seed_1,dataset/v_nets/200-[2-10]-random-500-0.04-cpu_[0-20]-bw_[0-50]-seed_1,20251124T193137,1972.5836408138275
mcts,Luisas-MacBook-Air.local-20251124T193124-8340,fixed_intermediate_0.1,[_status_aggr_degree_moretopo],0.18,0.08974246764283027,0.353747513624594,286.79100201843016,36,0,0,164,6139.0,2353.0,1390075.986783331,3929571.0450095646,0.3832871803225281,4847.0,0.4854549205694244,1.2665566329688467,8038,4671,3367,6,16400.0,-inf,0.0,2,dataset/p_net/32-tree_[0.5-0.2]-cpu_[50-100]-max_cpu_None-bw_[50-100]-max_bw_None-seed_2,dataset/v_nets/200-[2-10]-random-500-0.04-cpu_[0-20]-bw_[0-50]-seed_2,20251124T193125,1984.4807460308075
mcts,Luisas-MacBook-Air.local-20251124T193142-9015,fixed_intermediate_0.1,[_status_aggr_degree_moretopo],0.745,0.3992751667826138,0.44082976816019065,2896.2455830376734,149,0,0,51,72203.0,31276.0,13539948.100701123,30714686.436014272,0.43316759691425566,4675.0,6.690053475935829,15.444491978609626,8074,1678,6358,19,5100.0,-inf,0.0,3,dataset/p_net/16-fat_tree_[0.5-0.2]-cpu_[50-100]-max_cpu_None-bw_[200-400]-max_bw_None-seed_3,dataset/v_nets/200-[2-10]-random-500-0.04-cpu_[0-20]-bw_[0-50]-seed_3,20251124T193145,1969.6967949867249
mcts,Luisas-MacBook-Air.local-20251124T193129-3518,fixed_intermediate_0.1,[_status_aggr_degree_moretopo],0.16,0.08732897295591631,0.347539132255874,198.44319862229088,32,0,0,168,5155.0,1980.0,873745.4035339467,2514092.148019337,0.38409311348205627,4403.0,0.44969339086986143,1.1707926413808767,8617,4743,3874,6,16800.0,-inf,0.0,4,dataset/p_net/32-tree_[0.5-0.2]-cpu_[50-100]-max_cpu_None-bw_[50-100]-max_bw_None-seed_4,dataset/v_nets/200-[2-10]-random-500-0.04-cpu_[0-20]-bw_[0-50]-seed_4,20251124T193131,1987.3109760284424
mcts,Luisas-MacBook-Air.local-20251124T193139-6804,fixed_intermediate_0.1,[_status_aggr_degree_moretopo],0.72,0.3633469495239552,0.41788067184217764,3218.124379428332,144,0,0,56,73728.0,30790.0,15598248.867089124,37327040.7514329,0.4176161024305556,4847.0,6.352382917268414,15.211058386630906,7814,1752,6013,20,5600.0,-inf,0.0,2,dataset/p_net/16-fat_tree_[0.5-0.2]-cpu_[50-100]-max_cpu_None-bw_[200-400]-max_bw_None-seed_2,dataset/v_nets/200-[2-10]-random-500-0.04-cpu_[0-20]-bw_[0-50]-seed_2,20251124T193141,1979.3844139575958
mcts,Luisas-MacBook-Air.local-20251124T193145-1172,fixed_intermediate_0.1,[_status_aggr_degree_moretopo],0.735,0.382826868672975,0.4179434126017885,3806.1604050246806,147,0,0,53,78793.0,33177.0,16758524.263323668,40097591.583028466,0.4210653230616933,4403.0,7.5350897115603,17.895298660004542,6663,1705,4958,19,5300.0,-inf,0.0,4,dataset/p_net/16-fat_tree_[0.5-0.2]-cpu_[50-100]-max_cpu_None-bw_[200-400]-max_bw_None-seed_4,dataset/v_nets/200-[2-10]-random-500-0.04-cpu_[0-20]-bw_[0-50]-seed_4,20251124T193152,1982.1908662319183
d_round,Luisas-MacBook-Air.local-20251124T193552-7222,fixed_intermediate_0.1,[_status_aggr_degree_moretopo],0.11,0.05159683211319775,0.37254356188565996,133.40946086449796,22,0,0,178,3086.0,1136.0,618352.8511069481,1659813.5476482378,0.3681140635126377,4635.0,0.24509169363538297,0.6658036677454153,8577,4479,4098,5,17800.0,-inf,0.0,0,dataset/p_net/32-tree_[0.5-0.2]-cpu_[50-100]-max_cpu_None-bw_[50-100]-max_bw_None-seed_0,dataset/v_nets/200-[2-10]-random-500-0.04-cpu_[0-20]-bw_[0-50]-seed_0,20251124T193643,1741.5085890293121
d_round,Luisas-MacBook-Air.local-20251124T193620-6850,fixed_intermediate_0.1,[_status_aggr_degree_moretopo],0.14,0.05059312177176935,0.29541099600324217,104.84675743075333,28,0,0,172,5050.0,1564.0,508192.23326686135,1720288.818434111,0.3097029702970297,4847.0,0.32267381885702495,1.0418815762327214,8421,4681,3740,5,17200.0,-inf,0.0,2,dataset/p_net/32-tree_[0.5-0.2]-cpu_[50-100]-max_cpu_None-bw_[50-100]-max_bw_None-seed_2,dataset/v_nets/200-[2-10]-random-500-0.04-cpu_[0-20]-bw_[0-50]-seed_2,20251124T193658,1748.0305972099304
d_round,Luisas-MacBook-Air.local-20251124T193553-7510,fixed_intermediate_0.1,[_status_aggr_degree_moretopo],0.145,0.051805697827567984,0.2784375691011624,234.28246596883275,29,0,0,170,6036.0,1715.0,1095270.528404293,3933630.5511500766,0.28412856196156394,4675.0,0.36684491978609624,1.2911229946524063,8216,4516,3700,6,17000.0,-inf,0.0,3,dataset/p_net/32-tree_[0.5-0.2]-cpu_[50-100]-max_cpu_None-bw_[50-100]-max_bw_None-seed_3,dataset/v_nets/200-[2-10]-random-500-0.04-cpu_[0-20]-bw_[0-50]-seed_3,20251124T193643,1763.695366859436
d_round,Luisas-MacBook-Air.local-20251124T193552-5931,fixed_intermediate_0.1,[_status_aggr_degree_moretopo],0.13,0.04948842585468464,0.356702142431961,131.4868611549799,26,0,0,174,4495.0,1355.0,639026.1452132022,1791483.8998621742,0.3014460511679644,4860.0,0.2788065843621399,0.9248971193415638,8024,4375,3632,5,17400.0,-inf,0.0,1,dataset/p_net/32-tree_[0.5-0.2]-cpu_[50-100]-max_cpu_None-bw_[50-100]-max_bw_None-seed_1,dataset/v_nets/200-[2-10]-random-500-0.04-cpu_[0-20]-bw_[0-50]-seed_1,20251124T193630,1779.1026828289032
d_round,Luisas-MacBook-Air.local-20251124T193551-7288,fixed_intermediate_0.1,[_status_aggr_degree_moretopo],0.1,0.049906060992139206,0.32909880462381436,137.11997099812007,20,0,0,180,3046.0,1127.0,603739.2323047227,1834522.7142190435,0.3699934340118188,4403.0,0.2559618441971383,0.6918010447422213,8713,4847,3866,4,18000.0,-inf,0.0,4,dataset/p_net/32-tree_[0.5-0.2]-cpu_[50-100]-max_cpu_None-bw_[50-100]-max_bw_None-seed_4,dataset/v_nets/200-[2-10]-random-500-0.04-cpu_[0-20]-bw_[0-50]-seed_4,20251124T193631,1782.441989183426
mip,Luisas-MacBook-Air.local-20251124T193112-5424,fixed_intermediate_0.1,[_status_aggr_degree_moretopo],0.76,0.5915273038252744,0.5529553163897671,3238.1009801618493,152,0,0,0,62455.0,34675.0,15138122.082256645,27376754.745922517,0.5551997438155472,4675.0,7.4171122994652405,13.359358288770053,9261.0,1554,7648.0,20,0.0,-inf,0.0,3,dataset/p_net/16-fat_tree_[0.5-0.2]-cpu_[50-100]-max_cpu_None-bw_[200-400]-max_bw_None-seed_3,dataset/v_nets/200-[2-10]-random-500-0.04-cpu_[0-20]-bw_[0-50]-seed_3,20251124T193113,2669.8531053066254
mip,Luisas-MacBook-Air.local-20251124T193106-7988,fixed_intermediate_0.1,[_status_aggr_degree_moretopo],0.745,0.5840994636969841,0.580750149083773,2868.7346794078107,149,0,0,0,55905.0,33020.0,13942050.54192196,24006968.51118815,0.5906448439316698,4860.0,6.794238683127572,11.503086419753087,8166.0,1527,6436.0,18,0.0,-inf,0.0,1,dataset/p_net/16-fat_tree_[0.5-0.2]-cpu_[50-100]-max_cpu_None-bw_[200-400]-max_bw_None-seed_1,dataset/v_nets/200-[2-10]-random-500-0.04-cpu_[0-20]-bw_[0-50]-seed_1,20251124T193107,2681.7662250995636
mip,Luisas-MacBook-Air.local-20251124T193109-8456,fixed_intermediate_0.1,[_status_aggr_degree_moretopo],0.76,0.5684405498359545,0.5859124938094209,3465.3624515241204,152,0,0,0,61549.0,34942.0,16796611.80253741,28667440.923355404,0.567710279614616,4847.0,7.208995254796782,12.698370125851042,8528.0,1542,6986.0,21,0.0,-inf,0.0,2,dataset/p_net/16-fat_tree_[0.5-0.2]-cpu_[50-100]-max_cpu_None-bw_[200-400]-max_bw_None-seed_2,dataset/v_nets/200-[2-10]-random-500-0.04-cpu_[0-20]-bw_[0-50]-seed_2,20251124T193109,2698.1772611141205
mip,Luisas-MacBook-Air.local-20251124T193104-4369,fixed_intermediate_0.1,[_status_aggr_degree_moretopo],0.725,0.5587347009272337,0.5862622675240935,3132.349073640868,145,0,0,0,51520.0,30315.0,14518437.956325423,24764407.9460201,0.5884122670807453,4635.0,6.540453074433657,11.115426105717368,9623.0,1481,7900.0,22,0.0,-inf,0.0,0,dataset/p_net/16-fat_tree_[0.5-0.2]-cpu_[50-100]-max_cpu_None-bw_[200-400]-max_bw_None-seed_0,dataset/v_nets/200-[2-10]-random-500-0.04-cpu_[0-20]-bw_[0-50]-seed_0,20251124T193105,2780.5946202278137
mip,Luisas-MacBook-Air.local-20251124T193115-5325,fixed_intermediate_0.1,[_status_aggr_degree_moretopo],0.73,0.5606302366293604,0.5579629611424792,3942.5708099458507,146,0,0,0,56968.0,32780.0,17359139.27619158,31111633.719641868,0.5754107569161635,4403.0,7.444923915512151,12.938451056098115,7694.0,1625,6058.0,20,0.0,-inf,0.0,4,dataset/p_net/16-fat_tree_[0.5-0.2]-cpu_[50-100]-max_cpu_None-bw_[200-400]-max_bw_None-seed_4,dataset/v_nets/200-[2-10]-random-500-0.04-cpu_[0-20]-bw_[0-50]-seed_4,20251124T193116,2833.69211602211
mip,Luisas-MacBook-Air.local-20251124T193053-6003,fixed_intermediate_0.1,[_status_aggr_degree_moretopo],0.37,0.35411954780121413,0.8952366312724751,597.0619942618139,74,0,0,0,7588.0,6957.0,2901721.292112415,3241289.722459139,0.9168423827095413,4860.0,1.4314814814814816,1.5613168724279836,7263.0,4154,3109.0,10,0.0,-inf,0.0,1,dataset/p_net/32-tree_[0.5-0.2]-cpu_[50-100]-max_cpu_None-bw_[50-100]-max_bw_None-seed_1,dataset/v_nets/200-[2-10]-random-500-0.04-cpu_[0-20]-bw_[0-50]-seed_1,20251124T193053,3233.957216978073
mip,Luisas-MacBook-Air.local-20251124T193050-0373,fixed_intermediate_0.1,[_status_aggr_degree_moretopo],0.35,0.3285170898531662,0.8966381466483302,925.9359807588078,70,0,0,0,8251.0,7266.0,4291713.270817074,4786449.5692712525,0.8806205308447461,4635.0,1.5676375404530745,1.780151024811219,7098.0,3957,3141.0,16,0.0,-inf,0.0,0,dataset/p_net/32-tree_[0.5-0.2]-cpu_[50-100]-max_cpu_None-bw_[50-100]-max_bw_None-seed_0,dataset/v_nets/200-[2-10]-random-500-0.04-cpu_[0-20]-bw_[0-50]-seed_0,20251124T193051,3244.1066460609436
mip,Luisas-MacBook-Air.local-20251124T193058-7674,fixed_intermediate_0.1,[_status_aggr_degree_moretopo],0.39,0.37559429528938165,0.9506087796866102,749.8987065353832,78,0,0,0,7809.0,7178.0,3505776.4530529166,3687927.7027177,0.9191957997182738,4675.0,1.5354010695187166,1.6703743315508022,8317.0,4317,3970.0,13,0.0,-inf,0.0,3,dataset/p_net/32-tree_[0.5-0.2]-cpu_[50-100]-max_cpu_None-bw_[50-100]-max_bw_None-seed_3,dataset/v_nets/200-[2-10]-random-500-0.04-cpu_[0-20]-bw_[0-50]-seed_3,20251124T193059,3243.6614561080933
mip,Luisas-MacBook-Air.local-20251124T193055-0507,fixed_intermediate_0.1,[_status_aggr_degree_moretopo],0.345,0.3246810904814227,0.9010223909002937,756.3475548766154,69,0,0,0,7432.0,6588.0,3666016.598486955,4068729.7402497437,0.8864370290635092,4847.0,1.3591912523210232,1.5333195791211058,8065.0,4400,3637.0,13,0.0,-inf,0.0,2,dataset/p_net/32-tree_[0.5-0.2]-cpu_[50-100]-max_cpu_None-bw_[50-100]-max_bw_None-seed_2,dataset/v_nets/200-[2-10]-random-500-0.04-cpu_[0-20]-bw_[0-50]-seed_2,20251124T193056,3300.889522075653
mip,Luisas-MacBook-Air.local-20251124T193101-6080,fixed_intermediate_0.1,[_status_aggr_degree_moretopo],0.355,0.3293551515180991,0.8577328910777859,816.9501658432728,71,0,0,0,8398.0,7291.0,3597031.58020793,4193650.0484294975,0.8681829006906406,4403.0,1.655916420622303,1.9073359073359073,7955.0,4510,3445.0,11,0.0,-inf,0.0,4,dataset/p_net/32-tree_[0.5-0.2]-cpu_[50-100]-max_cpu_None-bw_[50-100]-max_bw_None-seed_4,dataset/v_nets/200-[2-10]-random-500-0.04-cpu_[0-20]-bw_[0-50]-seed_4,20251124T193102,3354.5750789642334
